1stFlrSF,BsmtFinSF1,GarageArea,GarageYrBlt,GrLivArea,LotArea,OverallQual,TotalBsmtSF,YearBuilt,YearRemodAdd
1314,922,294,1957.0,1314,8400,5,1314,1957,1957
799,0,380,1993.0,1571,7837,6,799,1993,1994
796,0,0,1979.0,796,8777,5,796,1910,1950
981,569,240,1939.0,1768,7200,5,731,1937,1950
1026,218,308,1924.0,1691,5000,5,1026,1924,1950
894,894,552,1975.0,894,9800,5,894,1972,1972
684,0,400,2005.0,1560,11911,6,684,2005,2005
796,735,240,1922.0,1154,5436,4,796,1922,2007
1422,588,576,1981.0,1422,12090,6,1422,1981,1981
1496,0,474,2007.0,1496,9158,8,1496,2007,2007
913,187,240,1990.0,913,8400,6,814,1966,1966
1086,516,484,1966.0,1086,13400,5,1024,1966,1966
1601,704,478,1978.0,1601,11880,7,1271,1978,1978
1186,454,486,1965.0,1986,13600,7,768,1965,1990
1164,0,528,1969.0,1164,9600,7,1164,1969,1969
1010,0,390,2002.0,2267,8068,6,1010,2002,2002
2259,35,450,1953.0,2259,21000,6,1809,1953,1953
825,180,720,1963.0,825,8235,5,825,1955,1995
698,535,440,1977.0,1426,7950,6,690,1977,1977
1651,1398,616,1986.0,1651,12416,6,1606,1986,1986
789,0,200,1926.0,789,10594,5,768,1926,1950
1338,500,968,1969.0,2634,11643,5,1248,1969,1969
1042,0,225,1928.0,1576,6240,5,1042,1928,1950
783,0,393,2005.0,1484,10237,6,783,2005,2007
1200,833,555,2003.0,1200,10083,7,1176,2003,2003
625,0,528,2006.0,1250,4251,7,625,2006,2007
1902,1406,567,1959.0,1902,17500,7,1902,1959,2002
1040,0,400,1949.0,1040,8544,3,0,1949,1950
1502,0,644,2009.0,1502,9541,7,1502,2009,2009
1228,0,271,1966.0,1228,8544,5,1228,1966,2006
1036,375,288,1949.0,1268,12144,5,832,1949,1950
864,468,0,1979.0,864,5604,5,864,1925,1950
1686,625,612,1980.0,1686,10240,6,1686,1980,1980
1620,1116,490,1993.0,1620,9991,4,1281,1976,1993
858,685,576,1983.0,858,7252,5,858,1982,1982
1301,0,572,2006.0,1301,7200,7,1293,2006,2006
1505,1024,505,1953.0,1505,12160,6,1505,1953,1953
864,0,280,1972.0,864,9353,4,864,1970,1970
1224,1086,528,1979.0,1224,7018,5,1086,1979,1979
1383,1064,354,1954.0,1383,13284,5,1383,1954,1954
816,641,264,1982.0,816,6600,5,816,1982,2008
1344,1309,784,1997.0,1344,7060,7,1344,1997,1998
703,0,540,2007.0,1392,3604,7,689,2007,2007
1065,0,461,1974.0,1065,8892,5,1065,1960,1960
661,0,552,1985.0,1250,5362,5,661,1910,2003
736,0,0,1979.0,1452,4456,4,736,1920,2008
572,0,0,1979.0,1096,9600,6,572,1924,1950
1428,0,480,2007.0,1428,11639,7,1428,2007,2008
773,219,431,1995.0,1658,8000,6,773,1995,1996
864,398,720,1980.0,864,7200,5,864,1950,2002
948,0,0,1979.0,1928,7082,5,686,1916,1995
1537,0,462,1962.0,1537,8400,6,1319,1962,2005
879,0,660,2006.0,1863,14054,7,879,2006,2006
1026,765,812,2008.0,2007,11003,10,1017,2008,2008
1792,1567,874,2003.0,1792,11846,9,1792,2003,2004
968,0,480,1935.0,968,8520,5,968,1923,2006
1512,619,619,1968.0,2654,11029,6,1054,1968,1984
960,648,364,1965.0,960,10246,4,648,1965,2001
1521,0,880,1988.0,2775,13500,10,1237,1893,2000
2069,0,694,2006.0,2643,13693,9,2153,2006,2006
1646,1373,482,2004.0,1646,3842,8,1594,2004,2005
1298,1258,403,1985.0,1298,11200,6,1298,1985,1985
1694,0,776,2008.0,1694,10475,8,1694,2008,2008
958,498,301,1960.0,958,12772,6,958,1960,1998
999,784,300,1962.0,999,10205,5,925,1962,1962
780,0,0,1979.0,1020,6342,5,780,1875,1996
814,533,663,2000.0,1674,7500,7,814,2000,2000
2113,1696,839,1995.0,2113,10437,8,2109,1995,1995
1118,156,551,1976.0,2030,12046,6,848,1976,1976
626,0,288,1980.0,1217,10762,6,626,1980,1980
1284,0,647,2002.0,2169,9375,8,1284,2002,2002
979,595,467,1994.0,1850,29959,7,973,1994,1994
1144,25,336,1962.0,1144,9204,5,1144,1963,1963
1504,16,437,2005.0,1504,3182,7,1346,2005,2006
1309,663,484,1974.0,1309,10140,6,1040,1974,1999
698,204,280,1939.0,1258,9060,6,560,1939,1950
1422,0,286,1960.0,1422,12342,5,978,1960,1978
1442,608,301,1958.0,1442,9750,6,1442,1958,1958
768,352,240,1946.0,1200,11767,5,768,1946,1995
953,0,460,2000.0,1664,8121,6,953,2000,2000
1360,384,572,1962.0,1360,7134,5,384,1955,1955
707,0,403,2004.0,1414,9056,8,707,2004,2004
1342,251,457,1967.0,1342,9790,6,1372,1967,1967
793,507,410,1939.0,1118,7800,5,793,1939,1950
1170,503,360,1932.0,2345,16560,6,952,1932,1950
1844,705,546,1977.0,1844,11751,6,1844,1977,1977
483,387,264,1971.0,987,1680,6,483,1971,1971
1610,1200,480,1977.0,1610,10603,6,1610,1977,2001
1080,336,484,1983.0,1080,9187,6,1084,1983,1983
1622,1159,1356,1975.0,1622,32463,4,1249,1961,1975
802,714,413,1997.0,1511,11207,6,802,1997,1997
1152,1014,484,1964.0,1152,14112,5,1152,1964,1964
910,420,282,1950.0,1558,13710,5,910,1950,1950
1065,380,471,1993.0,1911,9554,8,777,1993,1994
1306,860,756,1968.0,1306,8712,5,992,1957,2000
1075,0,360,1910.0,2138,8100,5,849,1898,1965
1580,0,610,2004.0,2466,11143,8,1580,2004,2005
1085,600,440,1962.0,1734,9786,6,912,1962,1981
950,0,208,1929.0,1158,6000,6,862,1929,1950
1771,0,336,1960.0,1771,21750,5,0,1960,2006
958,120,440,1977.0,958,4928,6,1078,1976,1976
1828,48,774,2007.0,1828,11694,9,1822,2007,2007
1148,292,281,1949.0,1716,11409,5,768,1949,2008
1476,1330,858,2008.0,2713,14948,9,1452,2008,2008
959,425,560,1978.0,1367,6240,6,884,1931,1950
916,299,164,1915.0,1826,2500,7,910,1915,2005
1200,334,521,1995.0,1200,11249,6,1200,1995,1995
854,360,660,1991.0,1382,12358,5,720,1941,1950
728,0,400,2005.0,1456,8029,6,728,2005,2005
1686,1361,711,1994.0,2448,46589,8,1629,1994,2005
1024,0,0,1979.0,1964,8525,5,940,1911,1950
1092,787,504,1964.0,1092,8250,6,1092,1964,1964
1113,607,264,1950.0,1113,9600,5,1113,1950,2007
864,432,0,1979.0,864,10500,4,864,1971,1971
1028,0,442,1999.0,1804,7500,7,994,1999,1999
1632,0,576,1967.0,1632,25000,5,1632,1967,1967
1548,956,624,1974.0,2614,10800,6,1522,1974,1997
1314,904,626,2008.0,1314,5001,7,1314,2007,2008
1061,674,564,1992.0,1923,10186,7,750,1992,1992
1484,712,606,2004.0,1484,8400,7,1473,2004,2005
708,280,0,1979.0,708,5330,4,420,1940,1950
1713,1088,856,2004.0,1713,9591,8,1713,2004,2005
1269,374,308,1964.0,1269,7931,5,1269,1960,1960
2097,1721,1134,2005.0,2097,20896,8,2077,2005,2006
864,360,288,1972.0,864,9560,5,864,1972,1972
1130,936,836,2008.0,2184,11308,9,1104,2008,2008
1624,1456,757,1994.0,1624,12461,8,1624,1994,1995
1040,906,384,1965.0,1040,11200,5,1040,1965,1965
884,0,434,2001.0,2035,9505,7,884,2001,2001
1494,437,481,1995.0,1494,9549,8,1494,1995,1996
1314,904,626,2008.0,1314,5063,7,1314,2007,2008
1041,384,539,1968.0,1743,11700,6,702,1968,1968
912,48,833,1991.0,2127,13125,7,1104,1991,1991
936,210,0,1979.0,1716,5687,5,780,1912,2000
1358,733,484,2010.0,1358,6371,7,1358,2009,2010
774,0,400,2000.0,1430,9967,7,384,2000,2000
1221,410,400,2004.0,1221,7500,7,1221,2004,2005
912,0,615,2003.0,2094,9375,7,912,2003,2004
864,553,360,1965.0,864,8281,5,864,1965,1965
1053,567,750,1998.0,1053,8973,5,1008,1958,1991
1701,1390,611,1975.0,1701,16647,5,1390,1975,1981
1056,846,308,1958.0,1056,8176,5,1056,1958,1992
1163,256,220,1955.0,1163,5820,3,1162,1955,2005
822,0,562,2007.0,1665,8125,7,813,2007,2007
684,0,528,2005.0,1196,12354,6,684,1920,2000
1966,0,820,2009.0,3140,13518,9,1926,2008,2009
1682,0,530,1970.0,1682,10400,7,1304,1970,1970
1072,547,525,2005.0,1072,3675,5,547,2005,2005
764,24,614,2009.0,1547,8640,7,756,2009,2009
1905,0,788,2006.0,1905,11670,9,1905,2006,2006
827,385,550,1996.0,1661,10667,7,799,1996,1996
1350,624,520,1964.0,1350,9020,6,1248,1964,1964
1055,0,462,1992.0,1845,11218,6,1055,1992,1992
1021,0,300,1958.0,1601,13825,5,533,1958,1987
691,592,409,1995.0,1498,13031,6,691,1995,1996
991,222,678,2004.0,1947,12552,7,991,2004,2005
1098,902,260,1955.0,1098,7390,5,1098,1955,1955
1054,602,460,1969.0,1054,9750,6,1054,1969,1969
928,308,288,1957.0,928,6000,5,928,1957,1957
1133,329,240,1925.0,1820,9120,7,1026,1925,1950
1687,523,672,1970.0,3082,15863,7,824,1920,1970
1104,0,304,1957.0,1788,11250,4,1104,1957,1989
1022,247,280,1956.0,1022,7200,5,1022,1910,2006
1274,925,508,2005.0,1274,8814,7,1274,2005,2007
1134,0,656,2005.0,2504,11198,9,1122,2005,2007
1476,904,736,2000.0,2153,11050,9,1440,2000,2000
1128,804,577,2002.0,2031,9473,8,1128,2002,2002
1060,0,520,1940.0,1824,13515,6,764,1919,1950
1008,486,275,1954.0,1008,11425,5,1008,1954,1954
694,365,352,1990.0,694,4280,5,440,1913,2002
1728,936,574,1976.0,1728,12640,6,1728,1976,1976
1588,1162,472,1999.0,1588,10264,7,1588,1999,1999
1392,1302,528,1957.0,1392,11341,5,1392,1957,1996
2411,2096,813,1996.0,4476,15623,10,2396,1996,1996
1161,0,534,1977.0,1969,11952,7,808,1977,1977
1504,16,457,2005.0,1504,3182,7,1346,2005,2006
1276,0,350,1958.0,1276,9571,5,1276,1958,1958
1800,0,702,2007.0,1800,11923,9,1800,2007,2007
816,816,0,1979.0,816,11841,6,816,1990,1990
1040,0,625,1950.0,1040,7200,5,0,1950,1950
924,0,280,1981.0,924,7990,5,924,1975,1975
832,0,528,1962.0,832,7227,6,832,1954,1954
956,0,431,1998.0,1886,11214,7,930,1998,1999
2196,485,701,1990.0,2196,14684,7,2158,1990,1991
1039,841,504,1965.0,1039,11625,5,1039,1965,1965
720,0,312,1948.0,1271,21286,5,720,1948,1950
961,241,384,1978.0,1367,8405,5,861,1900,1950
1236,0,542,1986.0,2093,20544,7,791,1986,1991
864,460,338,1972.0,864,15523,5,864,1972,1972
1699,0,336,1969.0,2447,9638,6,804,1919,1990
1054,763,480,1963.0,1054,8800,6,936,1963,1963
1120,206,0,1979.0,1120,8402,5,1120,2007,2007
1616,0,834,2005.0,1616,8688,7,1616,2005,2005
1073,836,515,1965.0,1073,10289,5,1073,1965,1965
1389,1071,418,1975.0,1389,10010,5,1389,1974,1975
861,262,539,1961.0,861,12342,4,861,1940,1950
575,350,576,1971.0,1135,7200,7,560,1936,2007
1466,1150,1052,2006.0,2828,9965,8,1466,2006,2007
1616,1180,608,1995.0,1616,5389,8,1595,1995,1996
1437,1157,528,1976.0,1437,10768,5,1437,1976,2004
1630,0,451,2000.0,1630,9750,7,1630,2000,2001
1800,1274,765,2002.0,1800,14331,8,1800,2002,2002
1094,0,512,1976.0,1855,9600,6,528,1976,1994
892,0,502,1999.0,1675,24682,6,841,1999,1999
956,656,618,2004.0,2084,10142,7,956,2004,2004
616,236,200,1941.0,1111,9084,5,616,1941,1950
729,0,0,1979.0,729,4130,3,270,1935,2003
1586,0,435,1979.0,1586,17043,6,1362,1979,1998
2234,1904,1166,2009.0,2234,17423,9,2216,2008,2009
858,614,0,1979.0,858,8125,4,858,1971,1971
833,625,0,1979.0,833,8780,5,833,1985,1985
1283,504,506,1980.0,1283,7763,5,931,1962,1980
1644,1285,418,1953.0,1644,9600,6,1416,1953,1953
1383,565,292,1960.0,1383,11600,6,1383,1960,1960
2073,790,500,1978.0,2073,13175,6,1542,1978,1988
958,0,686,1983.0,1539,10440,5,650,1904,2002
1552,24,782,2005.0,1552,10084,7,1552,2005,2006
925,338,429,1965.0,925,9100,5,925,1965,1965
1414,24,494,2004.0,1414,8773,7,1414,2004,2004
1013,0,0,1979.0,1526,8470,3,1013,1915,1982
1712,528,588,2005.0,1712,8393,5,1626,1959,2005
1717,0,908,2006.0,1717,11146,8,1709,2006,2006
1089,0,240,1937.0,1750,9000,5,636,1880,1991
786,0,624,1999.0,1176,6000,6,698,1937,2000
1454,0,504,2000.0,1936,11194,8,1406,2000,2000
858,322,684,1979.0,858,7340,4,858,1971,1971
1079,0,685,2006.0,1919,15611,8,1079,2006,2006
998,0,576,1989.0,1762,7200,7,596,1920,1950
1728,231,576,1987.0,1728,13101,5,1728,1965,1965
764,573,474,2003.0,1626,2448,7,764,2003,2004
664,554,426,2006.0,1496,17104,7,654,2006,2006
790,384,160,1925.0,790,6292,6,768,1930,1950
1142,0,550,1976.0,1935,12384,7,793,1976,1976
1098,403,483,1976.0,1964,10480,7,803,1976,1976
833,0,228,1925.0,1666,5100,8,588,1925,1996
985,595,328,1977.0,985,8385,5,985,1977,1977
1358,720,484,2004.0,1358,8198,7,1358,2004,2004
848,662,420,2004.0,848,4426,6,848,2004,2004
1120,0,753,2006.0,1970,11065,8,1085,2006,2006
2046,0,834,2008.0,2046,11844,8,2046,2008,2008
992,735,839,2000.0,1865,10316,7,992,2000,2000
1445,0,441,1930.0,2134,11888,6,844,1916,1994
1372,987,656,1993.0,2646,9900,7,1347,1993,1993
1236,600,923,1957.0,1236,7407,6,912,1957,1996
902,301,484,1983.0,902,8885,5,864,1983,1983
912,737,352,1962.0,912,12968,5,912,1962,1962
1656,639,528,1960.0,1656,31770,6,1080,1960,1960
1382,672,884,1991.0,1382,19296,6,1362,1962,1962
2020,0,630,1977.0,2020,8400,5,0,1977,1977
1052,504,440,1971.0,1052,8816,6,1010,1971,1971
1328,56,752,1995.0,2531,12257,8,1318,1995,1995
1004,668,660,1999.0,1852,9066,8,1004,1999,2000
1660,1220,500,2006.0,1660,10182,8,1660,2006,2006
1709,1238,506,1999.0,1709,5119,9,1698,1999,2000
912,832,288,1962.0,912,6768,6,912,1961,1996
928,821,470,1997.0,1764,15426,6,928,1997,1997
735,593,497,1972.0,1395,12936,6,723,1972,1972
1040,824,308,1963.0,1040,7500,5,1040,1963,1963
2392,56,968,2003.0,2392,13472,10,2392,2003,2003
1103,397,440,1976.0,1103,6000,6,1103,1925,1980
1050,789,836,2008.0,2078,10800,8,1034,2007,2008
803,116,360,1941.0,803,5000,5,720,1941,1950
1152,0,300,1950.0,1152,14000,6,1092,1950,2004
1173,885,528,1974.0,1173,10625,7,1053,1974,1974
372,0,0,1979.0,1092,5600,4,0,1930,1950
892,0,180,1914.0,1784,13132,5,747,1914,1950
1222,0,487,1968.0,1920,10192,7,570,1968,1992
1670,0,690,2006.0,1670,14859,7,1670,2006,2006
520,0,480,2005.0,1223,2544,7,600,2005,2005
1801,1247,484,1959.0,1801,15602,7,1501,1959,1997
1656,0,506,1973.0,1656,9246,5,1656,1973,1973
961,216,642,1998.0,1717,9550,7,756,1915,1970
1422,0,779,1999.0,2599,14774,9,1393,1999,1999
888,386,312,1942.0,1644,9480,5,728,1942,1995
1136,970,872,2004.0,2468,12099,8,1136,2004,2004
796,732,480,1993.0,1362,14115,5,796,1993,1995
1484,428,472,2006.0,1484,9037,8,1476,2006,2006
1200,661,884,1977.0,1200,9230,5,864,1965,1998
1350,0,478,1974.0,1350,10140,6,1064,1974,1974
1152,0,0,1979.0,1152,6040,4,0,1955,1955
1680,144,583,1998.0,1680,10140,7,1650,1998,1999
889,0,352,1940.0,1440,5000,5,540,1900,1950
1214,695,318,1967.0,1214,10355,5,1214,1967,1967
725,533,475,1976.0,1479,13517,6,725,1976,2005
901,0,800,2005.0,1801,10463,8,893,2005,2005
753,547,213,1942.0,1494,7500,6,771,1942,1950
1532,1085,514,1990.0,2329,11839,7,1475,1990,1990
1588,0,825,2006.0,1588,10000,8,1588,2006,2006
1194,655,539,1954.0,1194,8910,6,655,1959,1959
1494,1200,576,1997.0,1494,9236,6,1479,1997,1997
2053,816,666,1996.0,3238,14720,8,2033,1995,1996
914,298,576,1998.0,914,8846,5,870,1996,1996
832,16,546,1925.0,1641,9600,7,728,1925,1990
1128,0,360,1930.0,1573,6240,5,1078,1930,1992
1472,1036,588,1980.0,1472,14115,7,1372,1980,1980
983,660,423,1989.0,1750,12508,6,983,1940,1985
866,20,578,2007.0,1768,10769,8,866,2007,2007
1196,616,297,1956.0,1196,9000,6,1196,1956,1956
1126,0,520,2002.0,1126,8777,4,0,1949,2003
845,0,290,1957.0,845,11500,4,0,1957,1957
1168,562,530,1969.0,1968,11075,5,784,1969,1969
949,392,392,1965.0,1221,9738,5,784,1924,1950
684,0,216,1930.0,1368,3600,6,684,1910,1993
483,321,280,1987.0,987,1869,6,483,1970,1970
1442,738,719,1990.0,1442,10357,7,910,1990,1991
1220,836,396,1951.0,1220,8877,4,836,1951,1951
1500,20,570,2004.0,1500,8487,7,1500,2004,2004
1310,781,1069,1998.0,2450,16545,8,1284,1998,1998
2207,912,576,1970.0,2207,19900,7,1947,1970,1989
1208,686,632,2006.0,1208,6762,7,1187,2006,2006
1050,0,352,1954.0,1795,12150,5,1050,1954,1954
1440,1440,0,1979.0,1440,7711,4,1440,1977,1977
1212,36,460,2009.0,1212,10420,6,1212,2009,2009
572,0,288,1982.0,1111,5700,7,572,1926,1950
1175,575,831,1994.0,2715,8963,8,1142,1976,1996
880,0,527,1998.0,1724,8924,7,880,1998,1999
1328,569,528,1963.0,1328,9790,6,1328,1963,1963
1052,1016,288,1968.0,1052,8400,5,1052,1968,1968
1301,0,462,1991.0,2417,16059,8,1288,1991,1992
948,732,280,1956.0,948,8190,4,948,1954,1954
1136,0,532,1997.0,2019,11414,7,728,1910,1993
869,0,0,1979.0,869,5900,4,440,1923,1958
1554,24,627,2006.0,1554,4590,8,1554,2006,2006
1092,500,576,1969.0,2112,11075,6,952,1969,1969
1416,0,576,2007.0,1416,25339,5,816,1918,2007
864,759,398,2004.0,1593,7415,6,839,2004,2004
1381,982,676,1972.0,1381,9360,6,1161,1972,2006
1632,620,338,1958.0,1632,9600,6,1240,1958,1988
954,0,240,1938.0,954,6305,5,920,1938,1950
495,0,672,2003.0,1922,7301,7,0,2003,2003
980,560,484,1986.0,980,7064,5,980,1977,1977
920,486,608,2001.0,1786,11250,7,920,2001,2002
1694,1369,636,2004.0,1694,10084,8,1686,2004,2005
972,680,240,1948.0,972,8000,6,972,1948,2002
1437,988,576,1999.0,1437,14175,5,1188,1956,1987
1055,0,905,2001.0,2263,9240,8,1055,2001,2002
1040,315,550,1979.0,1725,11584,7,539,1979,1979
1236,360,447,1957.0,1236,10011,5,1070,1957,1996
1040,369,286,1959.0,1040,7560,5,1040,1959,1959
1704,1218,772,2008.0,1704,11478,8,1704,2007,2008
1523,644,478,1976.0,1523,11361,6,1193,1976,1976
1489,0,776,2006.0,1489,11216,8,1489,2006,2006
1569,988,660,2007.0,1569,3635,7,1386,2007,2007
1212,0,573,2001.0,1212,9100,7,1212,2001,2001
1573,788,544,2002.0,1573,9808,7,1573,2002,2002
1012,247,484,1972.0,1790,10400,6,732,1972,1972
1072,1309,528,1923.0,1576,21384,5,1324,1923,2004
864,503,673,2003.0,1728,8791,6,864,2003,2003
1600,0,890,2007.0,1600,14230,8,1566,2007,2007
1922,1249,676,2005.0,1922,14157,9,1922,2005,2006
846,0,650,2009.0,1692,13159,7,846,2009,2009
1656,24,826,2006.0,1656,11096,8,1656,2006,2006
1047,0,273,1954.0,1047,10800,4,641,1885,1995
1848,1410,706,2006.0,2728,20431,9,1848,2005,2006
1425,490,576,1964.0,1425,10175,6,1425,1964,1964
952,0,192,1916.0,952,8854,6,952,1916,1950
990,716,576,1996.0,990,13568,5,990,1995,1995
988,938,540,1969.0,988,21453,6,938,1969,1969
1056,1056,384,1966.0,1056,8900,4,1056,1966,1966
1746,1320,758,2006.0,1746,14892,9,1746,2006,2007
885,0,427,1998.0,1718,10141,7,832,1998,1998
1464,444,480,1997.0,1464,12886,5,520,1963,1999
831,0,493,2002.0,1660,8935,7,831,2002,2002
1752,456,576,2005.0,1752,7658,9,1752,2005,2005
1361,498,600,1977.0,2620,18890,5,1361,1977,1977
3138,2260,884,2007.0,4676,40094,10,3138,2007,2008
784,784,0,1979.0,784,6130,5,784,1924,1950
1120,932,544,1961.0,1120,6970,4,1040,1961,1961
1382,547,459,1974.0,1382,11235,4,1051,1963,1979
672,438,440,1978.0,1386,11616,6,672,1978,1978
334,0,0,1979.0,334,5000,1,0,1946,1950
600,0,480,2004.0,1200,3182,7,600,2004,2005
1414,0,398,2004.0,1414,3072,7,1375,2004,2004
1584,0,792,1967.0,1584,8944,5,1584,1967,1967
792,0,400,1931.0,1517,11435,8,792,1929,1950
1258,656,528,1971.0,1258,11040,6,1258,1971,2004
902,599,288,1967.0,902,6173,5,876,1967,1967
1158,941,576,2006.0,1158,13072,6,1158,2004,2004
964,713,432,1921.0,964,13360,5,876,1921,2006
1465,187,596,1965.0,2380,18450,6,1021,1965,1979
1232,724,632,2007.0,1232,7314,7,1232,2007,2007
864,390,352,1989.0,864,7180,5,864,1972,1972
1175,421,575,1989.0,1982,11287,7,807,1989,1989
1086,956,592,1998.0,1924,12011,8,1086,1998,1998
1276,0,282,1926.0,2080,10918,7,1276,1926,2004
953,0,460,1999.0,1647,7917,6,953,1999,2000
1617,165,533,1993.0,1617,8012,6,1604,1993,1994
1340,0,252,1957.0,1340,9060,5,0,1957,2006
1940,1646,606,2010.0,1940,10159,9,1930,2009,2010
1216,444,325,1954.0,1855,9525,6,994,1954,1972
884,747,504,1983.0,884,9180,5,840,1983,1983
764,0,474,2003.0,1626,2628,7,764,2003,2003
720,312,240,1948.0,1284,3500,5,720,1947,1950
1149,0,779,2002.0,2290,11250,8,1128,2002,2002
816,104,516,1963.0,816,8472,5,816,1963,1963
1377,1002,786,1988.0,2183,13837,7,1204,1988,1988
1188,1088,456,1963.0,1869,8820,5,1088,1890,1996
918,364,240,1941.0,1646,7128,7,918,1941,1950
1844,976,620,2005.0,1844,10994,8,1844,2005,2006
1571,0,722,2007.0,1571,10991,8,1571,2007,2007
1362,0,484,2003.0,2082,11426,7,1362,2003,2003
1959,0,766,1989.0,1959,11070,7,1907,1988,1989
1234,0,656,2003.0,2374,11999,8,1181,2003,2004
1182,448,509,1968.0,2142,13000,6,896,1968,1968
520,0,480,2005.0,1200,3180,7,600,2005,2005
1053,0,648,2003.0,1992,9375,8,1053,2003,2004
997,0,648,2000.0,2285,11000,8,969,2000,2000
1824,1219,739,1971.0,1824,115149,7,1643,1971,2002
1850,1261,772,2004.0,1850,16033,9,1833,2004,2005
808,351,0,1979.0,1355,10106,5,644,1940,1999
840,0,500,2003.0,1668,11317,7,840,2003,2003
1035,0,0,1979.0,1406,7920,6,319,1920,1950
1888,247,578,1966.0,1888,16492,6,1517,1966,2002
1228,767,472,1988.0,1228,4671,8,1228,1988,1989
943,828,472,1998.0,1638,9042,6,943,1998,1998
960,520,432,1965.0,960,10921,4,960,1965,1965
1698,1234,768,2007.0,1698,13286,9,1698,2007,2008
1063,354,280,1954.0,1063,9920,5,1056,1954,1954
1236,465,288,1961.0,1236,6993,5,912,1961,1994
1535,0,410,1979.0,1535,7018,5,0,1979,1979
630,495,0,1979.0,630,1890,4,630,1972,1972
546,273,286,1970.0,1092,2217,4,546,1970,1970
1652,1572,840,2006.0,1652,13173,9,1652,2006,2007
1144,572,456,1961.0,1144,7875,5,1144,1961,1961
1795,0,895,2007.0,1795,9986,8,1795,2006,2007
1541,0,843,2001.0,1541,13704,7,1541,2001,2002
1507,666,404,1960.0,1507,7910,5,1075,1960,1960
764,0,492,1999.0,1441,2645,8,776,1999,2000
1479,0,577,1999.0,1479,9382,7,1468,1999,2000
483,358,264,1971.0,987,1680,6,483,1971,1971
672,344,234,1941.0,672,9340,4,672,1941,1950
1052,378,240,1939.0,2192,8400,5,720,1939,1997
2000,1464,888,2004.0,2000,10386,8,2000,2004,2005
1125,0,430,2007.0,1125,8536,5,1125,2006,2007
1124,0,0,1979.0,1124,8335,5,0,1954,1954
1839,1186,416,1957.0,1839,14442,6,1477,1957,2004
1444,697,389,1958.0,2144,159000,6,1444,1958,2006
1306,1201,533,1996.0,2260,14000,7,1306,1996,1997
1127,442,540,1964.0,1977,9500,6,816,1964,1978
845,565,360,1987.0,845,7599,4,845,1982,2006
905,648,684,1997.0,1786,9337,6,824,1997,1997
1423,0,672,1993.0,2555,11526,6,588,1922,1994
1700,1018,447,1959.0,1700,10552,5,1398,1959,1959
959,786,472,2000.0,1671,10852,6,959,2000,2000
780,0,198,1937.0,1376,8600,6,780,1937,1950
1689,0,480,1956.0,1689,9855,6,1436,1956,1956
1576,0,704,1996.0,2554,10800,7,718,1890,1998
876,0,720,1949.0,1416,12665,5,876,1915,1950
816,708,308,1957.0,816,7100,5,816,1957,1957
1370,0,479,1976.0,1370,10400,7,1090,1976,1976
1442,0,615,1970.0,1442,11717,6,1442,1970,1970
1072,336,240,1948.0,1285,8635,5,672,1948,2001
804,0,400,1995.0,1474,8530,7,384,1995,1996
1127,862,455,1997.0,2013,9920,7,1117,1996,1997
1563,33,758,2007.0,1563,10206,8,1563,2007,2007
1663,1116,529,1954.0,1663,53227,4,1364,1954,1994
720,0,0,1979.0,1192,10800,4,720,1949,1950
1095,0,779,1920.0,1774,9600,4,1095,1900,1950
1391,464,868,2006.0,1962,8760,7,1391,2006,2006
1302,0,436,2007.0,1302,8993,7,1302,2007,2007
734,0,440,1990.0,1118,4400,6,648,1920,1950
1766,1121,478,2009.0,1766,9187,9,1766,2009,2009
1253,0,402,1995.0,1253,7875,7,1237,1995,1996
1097,338,480,1986.0,1097,9672,6,1040,1984,1985
1078,734,500,1971.0,1078,12537,5,1078,1971,2008
806,0,373,1995.0,1572,10364,6,806,1995,1996
1332,1258,586,1979.0,1524,23595,7,1332,1979,1979
1022,772,390,1999.0,2060,8755,7,992,1999,1999
1344,111,525,1958.0,1344,14375,6,819,1958,1958
1226,224,240,1951.0,1818,7758,7,1040,1931,1950
1029,903,261,1961.0,1029,7943,4,1029,1961,1961
1291,837,576,1973.0,2521,3964,6,942,1973,1973
750,0,564,2005.0,1500,8846,6,750,2005,2006
2217,351,621,1970.0,2217,15865,8,2217,1970,1970
1370,24,484,2006.0,1370,6442,8,1370,2006,2006
1262,905,572,2006.0,1262,7200,6,1262,2006,2006
824,624,510,2002.0,1894,11316,7,817,2002,2003
1694,0,818,2007.0,1694,12030,8,1694,2007,2007
864,524,576,1989.0,864,10500,4,864,1971,1971
970,0,380,2004.0,1709,2522,6,970,2004,2006
1281,0,368,1920.0,1738,12513,4,715,1920,2007
1319,428,270,1953.0,1319,10634,5,608,1953,1953
1699,1470,594,1990.0,3222,12376,7,1673,1990,1990
773,0,0,1979.0,1355,6882,6,684,1914,2006
1306,0,0,1979.0,1306,5350,3,728,1940,1966
768,656,396,1988.0,768,8445,5,768,1972,2007
1077,851,205,1939.0,1077,7420,5,991,1939,1950
679,331,308,1981.0,1183,6000,3,649,1948,2002
728,0,400,2007.0,1456,9018,7,728,2007,2007
1005,0,429,1999.0,2291,8738,7,975,1999,1999
848,685,420,2003.0,848,4435,6,848,2003,2003
1742,1280,846,2008.0,2332,12474,10,1682,2007,2008
884,0,216,1960.0,1348,6000,5,884,1925,1997
1236,626,540,1935.0,2108,13728,6,1127,1935,1986
897,637,570,1994.0,1336,11040,4,637,1920,1950
4692,5644,1418,2008.0,5642,63887,10,6110,2008,2008
1344,457,484,1970.0,1344,9503,5,1024,1958,1983
832,544,552,2009.0,1935,8004,8,832,2009,2009
997,0,548,1958.0,1470,8172,4,941,1954,1972
2156,297,508,1968.0,2156,20781,7,1568,1968,2003
1728,1332,504,1963.0,1728,9100,5,1728,1963,1963
866,400,603,2005.0,1768,9803,7,866,2005,2005
1048,586,286,1956.0,1048,10152,5,1048,1956,1956
864,0,572,2004.0,1728,9313,7,864,2004,2004
938,259,0,1979.0,2358,5250,8,684,1872,1987
1146,786,438,2003.0,1146,9590,7,868,2003,2003
1601,1358,670,2001.0,1601,11423,8,1581,2001,2002
1252,57,451,1958.0,1920,13650,5,1052,1958,1958
741,0,528,1966.0,1363,7740,4,622,1910,1950
1148,210,308,1952.0,1148,6420,5,980,1952,1952
1294,0,662,2006.0,1294,6762,7,1286,2006,2006
912,324,160,1957.0,1248,9439,5,912,1930,1950
779,353,527,2002.0,1419,7750,8,408,2002,2002
1440,678,467,1981.0,1440,12546,6,1440,1981,1981
1140,0,0,1979.0,1140,17217,5,1140,2006,2006
1107,859,484,1973.0,2090,10382,7,1107,1973,1973
798,0,595,2003.0,1640,7226,7,798,2003,2003
1679,1138,575,1994.0,1679,8125,6,1408,1994,1998
869,375,440,2003.0,1218,6000,6,735,1941,1950
1142,874,528,1976.0,1142,4224,5,1142,1976,1976
1110,1097,602,1978.0,1110,9101,5,1097,1978,1978
1164,1040,240,1950.0,1164,10880,5,1164,1950,1950
596,0,189,1920.0,1192,6402,5,596,1920,1950
1422,0,626,2004.0,1422,8500,7,1422,2004,2004
894,702,450,1967.0,894,9764,5,894,1967,2003
1082,0,1043,2005.0,1953,10574,8,1082,2005,2006
963,361,564,2001.0,1792,12435,7,963,2001,2001
672,348,280,1941.0,924,12180,4,672,1941,1950
752,623,264,1984.0,752,7175,6,744,1984,1984
960,410,240,1940.0,1740,13125,7,800,1940,1984
808,0,389,1993.0,1593,9636,6,808,1992,1993
910,507,720,2000.0,1385,8520,5,910,1952,1952
1266,0,453,2005.0,1266,7500,7,1257,2005,2005
887,0,422,2006.0,2021,23257,7,868,2006,2006
1334,686,630,1977.0,1334,9650,6,1350,1977,1977
624,510,462,1999.0,1252,2160,7,600,1999,2000
1664,168,216,1916.0,2526,8520,6,714,1916,1950
2402,1767,672,2008.0,2402,15431,10,3094,2008,2008
751,0,502,1920.0,1362,6155,6,611,1920,1999
1831,1387,807,1995.0,3627,35760,10,1930,1995,1996
1214,565,721,1995.0,2520,9950,7,1203,1995,1995
944,0,528,1956.0,944,10206,3,0,1952,1952
912,842,336,1974.0,912,8521,5,912,1967,1967
756,0,615,2005.0,1553,8125,7,756,2005,2006
948,492,248,1954.0,948,10215,4,864,1954,1954
932,822,644,2009.0,1852,8640,7,900,2009,2009
682,0,440,1966.0,1230,10440,5,440,1910,1981
1080,680,0,1979.0,1080,7500,7,1080,2004,2005
686,0,280,1955.0,1250,8248,5,686,1918,1950
798,674,442,1964.0,1611,9760,6,780,1964,1964
1062,750,574,1993.0,1949,9938,7,1050,1993,1994
697,551,300,1930.0,1369,6629,6,672,1925,1950
812,0,392,1992.0,1482,9125,7,384,1992,1992
1048,0,280,1922.0,1048,6380,5,993,1922,1950
1372,0,529,2008.0,1372,8640,7,1372,2007,2008
1296,1005,471,2001.0,1296,6853,8,1267,2001,2002
990,495,299,1996.0,990,8775,5,990,1994,1994
944,0,240,1940.0,1489,9900,6,778,1940,1950
1071,0,947,2006.0,2172,14154,7,1063,2006,2006
1266,0,388,2007.0,1266,3182,7,1266,2007,2007
1218,27,676,2009.0,1218,7862,6,1218,2009,2009
932,0,306,1950.0,932,8280,6,932,1950,1950
855,257,440,1974.0,1322,2308,6,855,1974,1974
1001,0,255,1950.0,1635,5310,6,485,1910,2003
1478,1270,498,1960.0,1478,17600,6,1478,1960,1960
658,0,0,1979.0,1184,8410,5,658,1910,1996
856,706,548,2003.0,1710,8450,7,856,2003,2003
912,773,470,1978.0,912,7540,6,888,1978,1978
1160,249,538,1967.0,2126,28698,5,1013,1967,1967
754,0,400,2007.0,1394,9735,5,384,2006,2007
970,630,624,1996.0,970,8480,5,970,1963,1963
1034,539,888,1976.0,1034,12328,6,1012,1976,1976
860,0,565,2004.0,1720,11645,7,860,2004,2004
811,0,256,1954.0,1387,6000,5,811,1954,1954
1357,719,312,1959.0,1357,11512,6,1019,1959,2006
1264,697,461,1960.0,1264,9300,5,1268,1960,1960
742,0,390,2005.0,1484,12589,6,742,2005,2005
1064,495,504,1987.0,1767,5306,7,1064,1987,1987
813,0,270,1932.0,813,5684,6,813,1930,2005
520,490,0,1979.0,754,6780,6,520,1935,1982
2069,425,505,1960.0,2069,27650,7,585,1960,2007
1509,783,600,1988.0,1509,10200,6,1461,1988,1989
702,0,343,1994.0,1481,8125,6,702,1994,1995
960,789,576,1970.0,960,9873,4,960,1970,1970
1040,0,420,1950.0,1040,7200,4,0,1950,1950
1040,0,420,1956.0,1040,7200,4,0,1949,1950
901,352,216,1920.0,1802,7588,7,793,1920,1950
1184,64,550,2007.0,2610,9000,8,1184,2007,2007
1466,176,528,1959.0,1466,17755,5,1466,1959,1959
966,686,416,1961.0,1652,10800,5,686,1915,1950
1080,50,678,1993.0,2097,11228,7,1080,1993,1993
1625,1573,538,2006.0,1625,4750,8,1573,2006,2007
1304,603,667,1953.0,2287,15593,7,1304,1953,1953
1734,0,1020,2009.0,2822,13891,9,1734,2008,2009
1022,695,390,2000.0,2054,12224,6,992,2000,2000
1336,841,375,1953.0,1336,15750,5,1165,1953,1953
894,552,400,1999.0,894,9450,4,894,1954,1954
1719,1619,473,1993.0,1719,10846,8,1719,1993,1993
1223,1000,525,1994.0,2127,10944,7,1223,1994,1994
1251,553,461,1964.0,1251,8800,6,1251,1964,1964
912,111,297,1958.0,912,7535,5,912,1958,1985
600,0,0,1979.0,968,5925,3,600,1910,1950
941,483,613,2003.0,1829,9548,7,941,2003,2003
790,712,566,1976.0,1574,18800,6,796,1976,1976
720,495,0,1979.0,720,7879,4,720,1920,1950
1980,1447,770,2004.0,1980,16737,9,1980,2004,2005
1621,213,440,1984.0,1621,14145,7,1208,1984,1998
1602,1246,529,1977.0,1602,16635,6,1602,1977,2000
1149,370,216,1926.0,1616,5400,6,1149,1926,2004
1600,1277,319,1957.0,1600,16321,5,1484,1957,1997
1378,0,583,1972.0,2119,10448,6,689,1972,1972
970,0,380,2004.0,1709,2522,7,970,2004,2004
2110,1065,522,1968.0,2110,11160,7,2110,1968,1968
774,544,0,1979.0,774,4270,3,544,1931,2006
796,0,0,1979.0,796,3636,4,796,1922,1950
1707,0,511,1981.0,1707,16669,8,1686,1981,1981
1610,1288,789,2007.0,2161,10562,8,1582,2007,2007
909,0,512,1996.0,1716,8750,7,880,1996,1996
1362,288,504,1961.0,1362,10197,6,1362,1961,1961
882,706,546,1998.0,1796,9531,6,794,1998,1998
1652,1480,482,2008.0,1652,5587,8,1600,2008,2008
832,624,324,1930.0,1482,9000,7,650,1920,1988
1015,489,450,1925.0,1015,6120,5,768,1925,1950
958,403,240,1941.0,1578,9490,6,806,1941,1950
1086,320,490,1989.0,1086,10200,5,1086,1954,2003
672,0,0,1979.0,1218,1680,6,672,1971,1971
860,672,528,1996.0,860,8740,5,840,1982,1982
792,0,0,1979.0,1140,8800,4,576,1910,2004
851,0,270,1931.0,1502,7200,7,776,1931,2000
1165,312,490,1966.0,1165,9020,6,1127,1966,1966
860,625,440,2002.0,1960,7851,6,860,2002,2002
1153,252,541,1998.0,2031,11404,7,1153,1998,1999
689,378,299,1977.0,1392,10900,6,689,1977,1977
1541,1201,532,2005.0,1541,12182,7,1541,2005,2005
1327,405,624,1974.0,1327,7388,5,1063,1959,2002
757,672,240,1936.0,1324,6000,4,672,1936,1950
811,550,434,1975.0,1552,11475,6,713,1975,1975
1453,482,750,1990.0,2810,9572,8,1453,1990,1990
1518,0,840,1993.0,3608,22950,10,1107,1892,1993
1328,967,308,1959.0,1328,16905,5,1350,1959,1959
1238,965,628,1989.0,2519,26178,7,1210,1989,1990
997,0,0,1979.0,1517,8500,5,793,1919,2005
1057,731,246,1953.0,1057,7922,5,1057,1953,2007
1496,1441,612,1983.0,2132,12327,8,1496,1983,2009
1629,1300,808,2002.0,1629,14536,8,1616,2002,2003
1188,1000,531,1959.0,1188,12160,5,1188,1959,1959
1464,929,754,2007.0,1464,15256,8,1485,2007,2007
1216,897,402,1998.0,1216,4500,6,1216,1998,1998
1634,0,866,2006.0,1634,11428,8,1626,2006,2006
672,0,576,2003.0,924,8064,5,672,1949,2006
1060,188,270,1968.0,1060,8246,5,1060,1968,2001
804,556,440,1976.0,1548,2308,6,804,1976,1976
438,290,246,1930.0,438,8400,2,290,1920,1950
747,0,220,1945.0,747,4608,4,747,1945,1950
892,432,288,1967.0,892,7150,5,892,1967,1967
1190,803,540,1962.0,1190,7728,5,1106,1962,1962
1394,609,514,1963.0,1394,9500,6,1394,1963,1963
960,0,400,1952.0,1960,7596,5,960,1952,1952
848,659,420,2003.0,848,4435,6,848,2003,2003
1339,1053,484,1990.0,1339,8049,7,1309,1990,1990
784,0,360,1950.0,784,9000,6,784,1928,1950
948,0,300,1968.0,948,8978,5,948,1968,1968
1178,1084,439,1973.0,1178,10000,5,1176,1973,2000
1005,694,490,1999.0,1983,10762,7,978,1999,1999
1728,1606,560,1976.0,1728,9297,5,1728,1976,1976
764,0,504,1965.0,764,5232,5,680,1925,2004
526,462,297,1973.0,988,1596,4,462,1973,1973
612,294,528,2009.0,1224,3000,6,612,2009,2009
483,0,288,1972.0,987,1680,6,483,1972,1972
933,642,493,1994.0,1908,8750,7,915,1994,1995
1144,739,596,1956.0,1144,9571,5,1144,1956,1956
1032,605,564,1978.0,1032,10395,6,1032,1978,1978
1164,831,521,1988.0,2060,10029,6,1151,1988,1989
1114,646,576,2004.0,1114,13695,5,1114,2004,2004
1724,528,480,1967.0,1724,17871,6,1680,1967,1976
672,317,264,1972.0,1218,1680,6,672,1972,1972
841,0,294,1950.0,841,8400,4,721,1950,1950
1088,0,461,1987.0,1088,3696,8,1074,1986,1986
864,646,336,1978.0,864,7000,5,864,1978,2005
1826,1422,758,2005.0,1826,11302,8,1814,2005,2006
581,0,288,1935.0,1111,7200,5,530,1920,1996
912,595,576,1992.0,912,8872,5,912,1965,2008
1164,524,671,1999.0,2270,11764,8,1152,1999,2007
923,658,264,1984.0,923,6951,5,876,1984,1985
910,0,414,1953.0,910,8892,5,105,1953,1996
1040,0,400,1987.0,1040,8544,3,0,1950,1950
840,315,338,1967.0,1374,5400,4,840,1920,1950
2121,0,732,2007.0,2121,14450,9,2121,2006,2007
847,0,434,2004.0,1959,11796,7,847,2004,2005
1067,0,576,1995.0,1539,6120,5,927,1936,1950
1268,540,244,1954.0,1268,7800,5,1268,1954,1954
960,250,308,1997.0,960,6000,4,960,1920,1950
1097,0,672,1995.0,1097,10859,5,1097,1994,1995
880,390,320,1914.0,1768,10800,7,880,1914,1970
1112,120,271,1950.0,1668,9600,6,856,1950,2005
1392,0,576,1968.0,1392,13560,6,1392,1968,1968
825,0,280,1939.0,1412,6000,6,780,1939,1950
1630,0,860,2008.0,1630,10226,8,1622,2008,2008
1241,1106,569,2007.0,1241,4274,7,1241,2006,2007
768,619,624,1987.0,768,7244,5,768,1970,1970
1640,728,924,1993.0,1640,14778,6,1296,1954,2006
1419,945,567,2007.0,1419,8089,8,1419,2007,2007
1200,1200,0,1979.0,1200,10800,5,1200,1987,1988
725,626,484,1972.0,1479,7472,7,725,1972,2004
1414,528,601,1990.0,1414,11029,6,1184,1958,2002
624,0,513,1916.0,1344,4571,5,624,1916,1950
1547,0,672,1979.0,2320,14762,5,0,1948,1950
788,266,0,1979.0,788,7446,4,788,1941,1950
855,311,440,1978.0,1441,2289,6,855,1978,1978
864,612,300,2008.0,864,9100,6,864,1959,1959
864,616,528,1974.0,864,9000,4,864,1971,1971
1776,0,888,1968.0,1776,11475,5,1584,1958,1958
1056,775,304,1968.0,1056,8450,5,1056,1968,1968
904,350,0,1979.0,904,10020,1,683,1922,1950
1478,578,484,2009.0,1478,4403,7,1470,2009,2009
840,0,379,1915.0,1605,5790,3,840,1915,1950
882,633,588,1999.0,1790,9179,7,873,1999,1999
1088,381,484,1976.0,1868,10304,5,780,1976,1976
672,356,264,1973.0,1218,1890,6,672,1973,1973
2084,1636,1220,2007.0,2084,14803,10,2078,2007,2008
855,566,440,1976.0,1456,2280,6,855,1976,1976
1256,830,276,1965.0,1256,9937,5,1256,1965,1965
807,457,393,2002.0,1509,7861,6,783,2002,2003
1436,774,180,1945.0,2320,7259,6,1028,1945,2002
1370,1128,864,1918.0,2624,22420,6,1370,1918,1950
780,0,544,1979.0,1375,9000,6,780,1937,1950
1095,513,264,1958.0,1095,10382,6,588,1958,1958
1272,1084,0,1979.0,2200,8777,5,1272,1900,2003
1494,922,530,2002.0,1494,12803,7,1494,2002,2002
796,0,384,1950.0,1346,11767,4,560,1910,2000
990,588,0,1979.0,990,8070,4,990,1994,1995
1307,0,360,1908.0,2358,45600,6,907,1908,1997
833,415,326,1955.0,833,5400,5,833,1954,2000
1133,0,642,2005.0,2482,12665,8,1094,2005,2006
1038,0,878,2005.0,2098,10240,8,1030,2005,2005
899,450,288,1967.0,899,7800,5,864,1967,2004
1182,998,736,2005.0,2324,11924,9,1175,2005,2006
894,777,600,1985.0,894,7200,5,894,1972,1972
1575,430,529,1992.0,1575,8012,6,1575,1992,1992
848,697,420,2004.0,848,4426,6,848,2004,2004
815,0,225,1916.0,1690,8850,7,815,1916,1950
925,548,336,1977.0,1475,2665,5,757,1977,1977
1362,20,460,2005.0,1362,7577,6,1362,2005,2006
1456,0,400,2003.0,1456,3196,8,1273,2003,2003
1392,57,576,2006.0,2462,19378,7,1392,2005,2006
983,400,483,1963.0,1796,7056,6,780,1963,1963
842,0,250,1925.0,1472,9600,5,702,1925,1994
1604,1334,660,2006.0,1604,8814,7,1604,2006,2006
1619,1249,529,1965.0,1786,164660,5,1499,1965,1965
1661,831,377,1955.0,1661,9600,6,992,1955,1996
630,509,286,1970.0,630,1477,4,630,1970,1970
2020,1436,900,2009.0,2020,12220,10,2006,2009,2009
810,643,528,2001.0,1665,8400,8,810,2001,2001
1836,24,484,2004.0,1836,9100,7,1860,2004,2005
1378,0,432,1985.0,2372,6600,5,994,1892,1965
1301,405,440,1965.0,1301,6911,5,1145,1924,1950
1240,0,826,2006.0,1240,8556,7,1240,2006,2006
1244,777,336,1957.0,1244,11988,6,1244,1957,1957
1795,0,534,2002.0,1795,9742,8,1777,2002,2002
1167,560,400,1992.0,1167,9248,6,1158,1992,1992
1578,0,840,2008.0,1578,9262,8,1573,2008,2009
993,0,431,2002.0,1908,14191,8,967,2002,2002
1088,0,0,1979.0,1198,5586,6,901,1920,1998
1976,1350,908,2006.0,1976,14977,8,1976,2006,2007
810,0,210,1940.0,1328,9906,4,686,1925,1950
1268,196,252,1978.0,1268,9286,5,1268,1977,1989
625,0,625,2006.0,1250,4017,7,625,2006,2007
1664,0,0,1979.0,1664,9825,5,0,1965,1965
708,404,776,1968.0,1416,11700,6,708,1968,1968
1260,1046,506,1900.0,2291,7200,6,1214,1910,1998
1710,0,550,2004.0,1710,12118,7,1710,2004,2005
616,616,205,1921.0,616,6000,5,616,1921,1950
1050,915,368,1961.0,1050,10659,5,1050,1961,1961
1252,429,564,1960.0,1252,13500,6,1602,1960,1975
990,746,480,2000.0,990,8072,5,990,1994,1995
1078,49,240,1950.0,1078,9717,5,1078,1950,1996
976,568,444,1966.0,2087,12205,6,832,1966,2007
1429,594,572,1960.0,1429,14585,6,1144,1960,1987
1032,0,672,1999.0,1812,7630,5,360,1900,1996
1138,507,264,1958.0,1138,10482,6,588,1958,1958
1484,998,487,1971.0,1484,12243,5,1484,1971,1971
1557,0,420,2003.0,1557,3196,7,1374,2003,2004
1196,197,440,1957.0,1196,4800,4,1196,1916,1990
864,521,624,1964.0,864,9100,5,864,1958,1958
1056,480,260,1954.0,1056,9250,5,1056,1954,2005
1203,740,844,1994.0,2526,10120,8,1165,1994,1994
1145,16,397,2005.0,1145,3182,7,1145,2005,2006
1092,170,288,1962.0,1092,11616,5,1092,1962,1962
768,0,360,1910.0,1432,9600,5,264,1910,2002
1392,1040,458,1957.0,1392,11900,6,1392,1957,1957
728,0,390,2005.0,1456,8461,6,728,2005,2006
1053,806,312,1959.0,1053,10007,5,1053,1959,2006
1440,256,0,1979.0,3395,10896,6,1440,1914,1995
1287,72,576,1997.0,1287,9830,5,1063,1959,2006
778,403,924,1966.0,778,6900,5,740,1940,1955
525,0,264,1971.0,1092,1680,6,525,1971,1971
747,0,528,1953.0,747,5825,4,600,1926,1953
847,0,433,2003.0,1733,12394,7,847,2003,2003
1646,0,870,2007.0,1646,10656,8,1638,2006,2007
1518,1351,670,2003.0,2149,12822,7,1434,2003,2003
1582,812,390,1964.0,1582,36500,5,1624,1964,1964
916,216,424,1925.0,1742,17671,8,916,1882,1986
1040,633,648,1963.0,1040,25286,4,1064,1963,1963
912,456,275,1958.0,912,10150,5,912,1958,1958
1145,655,836,2000.0,2198,14260,8,1145,2000,2000
1680,0,528,1976.0,1680,11500,5,1680,1976,1976
1968,192,1014,1982.0,3447,14100,8,728,1935,1997
926,234,484,1974.0,1316,5500,5,926,1929,2001
990,0,621,1998.0,2601,9842,5,612,1921,1998
765,765,440,1970.0,1365,2368,5,765,1970,1970
1258,0,648,2007.0,1258,3922,7,1258,2006,2007
1574,24,824,2006.0,1574,11957,8,1574,2006,2006
1096,75,299,1969.0,1096,15870,5,1096,1969,1969
483,330,264,1973.0,987,1680,6,483,1973,1973
976,0,380,2004.0,1708,3363,7,976,2004,2004
1675,0,870,2003.0,3493,18386,7,1470,1880,2002
1080,427,492,1988.0,1752,12134,8,559,1988,2005
2036,1236,513,1965.0,2036,215245,7,2136,1965,1965
896,0,240,1936.0,1344,6240,5,896,1936,1950
576,349,288,1971.0,1109,10500,5,372,1971,2005
794,182,388,1997.0,1470,13869,6,794,1997,1997
952,852,840,1988.0,952,7350,5,952,1951,1951
1680,808,540,1988.0,1680,21695,6,880,1988,2007
1516,196,472,1964.0,1516,10004,6,1516,1964,1964
1734,1004,928,2007.0,1734,12085,8,1734,2007,2007
1502,368,528,1985.0,1502,6820,8,1488,1985,1985
764,567,474,2003.0,1626,2268,7,764,2003,2004
756,0,216,1906.0,1469,10320,6,756,1906,1995
1112,812,438,2007.0,1550,8125,7,1092,2006,2007
1368,0,474,2005.0,1368,6792,7,1368,2005,2006
1249,0,840,2006.0,2596,16259,9,1249,2006,2006
1339,504,294,1958.0,1339,7560,5,1029,1958,1965
1195,0,486,1998.0,1839,16770,7,1195,1998,1998
1132,0,691,2004.0,2452,13418,8,1117,2004,2005
807,0,393,2003.0,1509,7875,7,783,2003,2003
1434,20,527,2001.0,1434,8529,7,1454,2001,2001
1294,1200,496,1991.0,1294,7153,6,1278,1991,1991
840,0,308,1960.0,1680,15576,6,840,1915,1976
936,814,471,1994.0,1721,8462,6,928,1994,1994
864,600,576,1980.0,864,12735,4,864,1972,1972
757,549,440,1999.0,1501,2280,7,744,1999,1999
1422,0,560,1945.0,2337,13600,5,662,1900,1950
1872,929,604,1988.0,1872,10400,7,1845,1988,1988
1530,1300,630,2004.0,1530,14572,7,1530,2004,2004
742,0,0,1979.0,1484,6300,6,742,1914,2001
630,515,286,1970.0,630,1526,4,630,1970,2002
1200,0,312,1923.0,1200,11340,6,1200,1923,1950
1542,896,619,1977.0,2872,12227,6,1330,1977,1995
1445,564,645,1964.0,1445,12095,6,1127,1964,1964
1116,0,440,1962.0,1116,10000,6,1116,1962,1962
1190,828,577,1984.0,2090,5062,7,1190,1984,1984
943,943,600,1979.0,943,7032,5,943,1979,1979
1160,264,216,1925.0,1608,6171,6,976,1925,1990
1296,0,516,1967.0,1296,10791,4,0,1967,1967
840,116,0,1979.0,840,4388,5,672,1930,1950
1098,552,486,1968.0,1978,9900,7,832,1968,1968
999,867,588,1961.0,999,12122,7,944,1961,2007
958,958,440,1976.0,958,4928,6,958,1976,1976
1549,297,440,1932.0,2727,10570,8,853,1932,1994
1167,645,495,1972.0,1167,8731,5,915,1920,1950
1020,536,440,1964.0,1851,9760,6,822,1964,1993
1252,0,528,1960.0,1252,10721,6,1252,1959,1959
672,0,0,1979.0,912,6240,4,0,1947,1950
1040,732,576,2000.0,1040,12464,5,1040,1996,1996
769,436,440,2000.0,1525,2117,6,756,2000,2000
1210,281,683,1998.0,2452,16226,8,1028,1998,1999
3228,1231,546,1992.0,3228,12692,8,3200,1992,1993
1166,655,400,2005.0,1166,9587,7,856,2005,2005
1168,196,315,1949.0,1846,10496,6,1040,1949,1950
1074,788,495,1975.0,1074,10140,5,1056,1975,1975
1277,0,889,1996.0,2344,10208,7,1264,1996,1997
893,220,576,1985.0,893,9600,5,845,1949,2003
1493,994,508,1997.0,1493,13125,6,1478,1997,1998
774,0,680,2009.0,1968,12003,8,774,2009,2010
1004,578,480,1970.0,1004,11241,6,1004,1970,1970
1002,0,280,1954.0,1456,7585,5,810,1948,1950
915,300,440,1950.0,1635,8737,6,1065,1923,1950
912,0,330,1948.0,1458,17503,6,912,1948,1950
1224,883,402,1999.0,1224,4500,6,1224,1999,1999
1506,16,440,2005.0,1506,3013,7,1362,2005,2005
2136,756,528,1951.0,2136,10680,5,2136,1951,1951
696,604,484,1999.0,1416,2572,7,696,1999,1999
2633,1282,804,2001.0,2633,11400,10,2633,2001,2002
1468,0,898,2008.0,1468,9612,8,1468,2008,2009
773,570,240,1953.0,773,7677,5,773,1953,1953
630,0,280,1991.0,1302,1680,5,630,1971,1971
900,234,576,2005.0,900,7200,5,900,1951,2000
904,0,180,1926.0,904,6000,6,884,1926,2004
1844,1110,540,1969.0,1844,16381,6,1844,1969,1969
1555,16,430,2005.0,1555,3182,7,1373,2005,2006
1297,1213,498,1954.0,1297,8532,5,1297,1954,1990
1088,0,240,1945.0,1529,8405,4,0,1945,1950
1733,0,452,1955.0,1733,13680,3,0,1955,1955
832,426,506,1993.0,1710,9291,6,832,1993,1993
1140,0,477,1984.0,1868,12090,6,585,1984,2003
1126,936,484,1977.0,1126,17400,5,1126,1977,1977
551,239,480,2004.0,1102,5105,7,551,2004,2004
1172,0,342,1929.0,1913,7558,6,896,1928,1950
1567,1154,648,2006.0,1567,3982,8,1520,2006,2006
1050,504,338,1956.0,1050,9600,5,1050,1956,1956
1580,0,830,2008.0,1580,11932,8,1580,2007,2008
1314,936,552,2009.0,1314,8640,8,1300,2009,2009
1584,493,520,1920.0,2792,10440,6,1510,1920,1950
616,462,603,1997.0,1688,12798,6,616,1997,1997
1232,660,516,1984.0,1232,11120,6,1232,1984,1984
561,285,462,1980.0,1229,1300,6,561,1980,1980
1014,440,420,1920.0,1699,10615,3,978,1900,1970
936,0,576,1974.0,936,6000,4,936,1953,1953
847,0,434,2004.0,1948,12393,7,847,2004,2005
1462,1170,738,2004.0,2224,8834,9,1462,2004,2005
1001,284,871,1949.0,2002,6270,5,1001,1949,1950
1097,416,495,1971.0,1993,14803,6,825,1971,1971
920,700,492,2002.0,1861,13450,7,916,2002,2002
1041,991,270,1959.0,1041,9600,5,1041,1959,1959
986,0,180,1926.0,986,6180,6,960,1926,1950
1405,0,478,2003.0,1405,3136,7,1405,2003,2003
1226,0,740,2009.0,1226,10402,7,1226,2009,2009
838,210,275,1961.0,838,10267,6,816,1918,2000
864,203,200,1938.0,864,8212,3,864,1914,1950
1006,288,0,1979.0,1006,9000,5,1006,1959,1959
1842,1810,894,1981.0,1842,50271,9,1842,1981,1987
1710,1400,866,2007.0,1710,13891,8,1710,2007,2008
1165,0,420,1998.0,2263,12090,8,1141,1998,1998
1246,0,560,1971.0,2290,11340,4,777,1885,1950
1100,419,312,1960.0,1100,12493,4,1100,1960,1960
2117,865,550,1970.0,2117,12925,6,1205,1970,1970
960,0,288,1956.0,960,8926,4,672,1956,1956
1022,0,468,1931.0,1774,6120,7,952,1931,1950
1082,336,240,1948.0,1082,11664,6,1082,1948,1950
1122,144,528,1948.0,1122,12000,5,924,1948,2005
1338,616,582,2001.0,1338,4920,8,1338,2001,2001
888,742,422,1996.0,1756,9303,6,872,1996,1997
1302,270,309,1964.0,1302,9350,6,1302,1964,1991
951,285,327,1936.0,951,8765,4,951,1936,1950
483,309,264,1973.0,987,1953,6,483,1973,1973
1090,980,450,2005.0,1090,7024,5,1090,2005,2006
984,408,660,1977.0,1604,10998,5,984,1941,1960
756,420,440,2000.0,1512,2117,6,756,2000,2000
972,0,312,1939.0,1577,6435,6,972,1939,1950
1516,125,518,1974.0,2167,17542,7,1192,1974,2003
1212,506,492,1978.0,1212,8471,6,506,1977,1995
969,716,440,1975.0,969,10356,5,969,1975,1975
1072,459,525,2005.0,1072,3675,6,547,2005,2005
1518,1218,588,2003.0,1518,12677,8,1518,2003,2004
1188,593,312,1962.0,1188,26142,5,1188,1962,1962
1026,0,936,2005.0,1958,10625,7,1026,2005,2005
1069,559,440,1977.0,1069,4043,6,1069,1977,1977
1788,0,522,2001.0,1788,11838,8,1753,2001,2001
1766,664,520,1970.0,2414,10800,5,954,1900,1970
720,0,287,1955.0,720,6627,3,0,1949,1950
1261,662,433,1958.0,1261,9120,6,1261,1958,1958
875,209,180,1931.0,875,6120,5,715,1931,1993
672,0,240,1940.0,672,10200,5,672,1940,1997
980,945,0,1979.0,980,9400,6,945,1975,1975
694,0,936,1998.0,1214,10410,3,672,1915,1950
1486,637,480,1968.0,1486,9937,5,1486,1964,1999
849,326,240,1939.0,1660,11988,6,715,1934,1995
1217,611,497,1990.0,1217,9947,7,1188,1990,1991
860,275,234,1941.0,1564,12000,7,704,1941,1950
788,724,388,2004.0,1490,15384,7,788,2004,2005
1940,428,380,1934.0,3194,12168,8,965,1934,1998
1501,679,577,1999.0,1501,10335,7,1490,1999,1999
660,0,400,2003.0,1320,7750,7,660,2003,2003
1276,854,676,1998.0,2612,12203,8,1225,1998,1999
1360,1036,795,1918.0,3112,25419,8,1360,1918,1990
954,0,440,1997.0,2230,6204,4,795,1912,1950
1156,392,505,1977.0,2022,10005,7,1160,1977,1977
1468,795,539,1977.0,2263,16659,7,795,1977,1994
955,0,462,1998.0,1632,9084,7,935,1998,1998
1288,786,500,1996.0,1288,14963,8,1260,1996,1996
1080,570,288,1958.0,1080,9464,6,1080,1958,1958
1700,340,544,2003.0,1700,9135,6,1682,2003,2003
865,617,398,1924.0,1310,7000,6,617,1924,1950
1067,442,436,1996.0,1067,9600,4,1067,1950,1995
908,0,440,1910.0,1928,9142,6,1020,1910,1950
1392,790,564,1978.0,2784,16692,7,1392,1978,1978
1108,975,583,1998.0,2097,9750,7,1108,1998,1998
816,538,432,2002.0,816,5890,6,816,1930,2007
1079,985,501,1992.0,1953,53107,6,1580,1992,1992
1659,1158,499,2000.0,1659,5664,8,1501,2000,2000
1779,306,454,1955.0,1779,17920,5,1763,1955,1974
1248,16,438,2005.0,1248,3010,7,1248,2005,2006
1057,738,650,2001.0,1929,7050,7,1057,2001,2001
1262,978,460,1976.0,1262,9600,6,1262,1976,1976
1282,984,792,2007.0,2696,9965,7,1264,2007,2007
894,553,336,1973.0,894,8450,5,894,1965,2009
1221,0,672,2003.0,1912,10800,6,482,1905,2000
965,641,300,1979.0,965,7800,5,828,1965,1965
912,0,0,1979.0,1824,9400,6,912,1971,1971
1787,0,748,2001.0,1787,14781,8,1753,2001,2002
1440,133,0,1979.0,1440,12108,4,1440,1955,1955
1032,280,288,1950.0,1252,9600,6,1032,1950,1950
1987,1314,691,1994.0,1987,14303,8,1986,1994,1994
1181,920,588,1974.0,1181,10012,4,1138,1972,1972
962,0,451,2000.0,1792,10261,6,936,2000,2000
864,0,0,1979.0,864,4060,5,864,1922,1950
1128,776,525,1963.0,1128,8700,5,1120,1963,1963
1088,0,1025,2006.0,1959,9000,8,1088,2006,2006
1051,0,442,1966.0,1839,7700,6,756,1966,1966
904,0,408,1966.0,904,7162,5,876,1966,1966
1040,532,484,1977.0,1040,8800,5,1040,1977,2008
918,0,264,1979.0,918,7892,6,918,1979,1979
1520,674,364,1955.0,1520,9600,6,1156,1955,1972
1411,822,544,1977.0,1411,11900,7,1386,1977,1977
1134,319,396,1950.0,2058,9600,6,735,1917,1950
1575,0,432,1966.0,2201,19690,6,697,1966,1966
760,0,397,2003.0,1656,6931,7,746,2003,2004
1494,1443,514,1998.0,1494,16196,7,1482,1998,1998
888,0,476,1980.0,1564,8400,6,650,1980,1981
981,282,576,1979.0,981,10530,6,981,1971,1971
900,0,180,1923.0,1502,10592,6,602,1923,1996
1092,895,299,1957.0,1092,14850,5,1092,1957,1957
848,182,281,1968.0,1520,4500,5,793,1932,2000
1320,328,564,1966.0,1320,11777,5,1164,1966,1966
1836,1039,862,2004.0,1836,11362,8,1836,2004,2005
964,0,308,1960.0,1889,10120,7,925,1910,1950
1130,821,720,1970.0,1130,10800,5,1120,1920,1950
1383,719,834,1996.0,2398,11787,7,1379,1996,1997
1096,297,432,1977.0,1991,11275,6,854,1932,1950
1838,1260,765,2006.0,1838,14601,9,1838,2006,2006
663,371,299,1969.0,1352,9364,6,663,1969,1969
1720,919,527,1996.0,1720,10593,7,1720,1996,1996
858,319,490,1962.0,1716,9247,6,858,1962,1962
999,588,264,1963.0,999,7758,5,999,1962,2001
680,310,420,1993.0,1470,9765,6,680,1993,1993
1132,1024,451,2005.0,1132,7024,4,1132,2005,2005
1163,0,396,1955.0,1674,21780,6,1163,1918,1950
1337,266,511,1998.0,1337,4060,6,1405,1998,1999
1349,0,539,2000.0,1349,8450,7,1349,2000,2001
1148,1148,672,1959.0,1148,7931,5,1148,1959,1959
918,226,440,1978.0,1683,11184,6,918,1978,1978
798,0,0,1979.0,1344,1533,4,546,1970,2008
1696,0,349,1962.0,1696,13673,5,1140,1962,1962
882,0,294,1959.0,882,8339,5,0,1959,1959
1086,0,409,1994.0,1895,10832,7,712,1994,1996
894,0,308,1962.0,894,6600,5,894,1962,1962
876,540,264,1962.0,1812,7590,5,864,1962,1962
980,394,496,1988.0,1714,10421,7,980,1988,1988
1114,814,576,2004.0,1114,13695,6,1114,2003,2004
1689,0,954,2007.0,1689,9849,7,1689,2007,2007
968,368,240,1941.0,1376,9492,5,768,1941,1950
2000,1410,538,1972.0,2704,13860,8,1952,1972,1995
1299,990,531,2001.0,1872,11885,8,1299,2001,2001
858,696,0,1979.0,858,7207,5,858,1958,2008
864,375,660,1989.0,864,6960,4,864,1970,1970
1668,1059,702,2002.0,1668,11248,9,1626,2002,2002
835,108,366,1920.0,835,10625,5,458,1920,1950
1128,812,286,1954.0,1128,9000,5,936,1954,1954
1166,0,240,1936.0,1639,10480,6,1064,1936,1950
1214,698,461,1965.0,1214,9170,5,1214,1965,1965
829,298,441,1968.0,1556,11700,6,727,1968,1968
1364,659,484,2005.0,1364,7052,7,1364,2005,2005
993,0,642,1997.0,2236,13006,7,964,1997,1997
1004,975,504,1977.0,1004,10530,6,975,1977,1977
1121,0,440,2003.0,1121,8546,4,1121,2003,2004
1721,570,440,1968.0,1721,10335,5,1461,1968,1993
1316,0,440,2007.0,1316,11175,7,1316,2007,2007
1324,643,440,1965.0,1324,8658,6,1088,1965,1965
1360,1036,565,1984.0,1360,5814,8,1220,1984,1984
1194,0,312,1959.0,1194,8760,6,1194,1959,1959
1856,1445,834,2010.0,1856,11394,9,1856,2010,2010
900,450,280,1970.0,900,9819,5,882,1967,1967
756,312,240,1940.0,1134,8160,5,756,1940,1950
804,690,560,2001.0,1961,12209,6,804,2001,2002
816,816,816,1985.0,816,6600,5,816,1982,2003
894,492,450,1968.0,894,8724,5,894,1968,1968
546,334,286,1973.0,1092,1974,4,546,1973,1973
1094,500,495,1953.0,1094,10452,6,1094,1953,1953
1811,296,470,1956.0,1811,14115,6,1073,1956,2004
694,0,0,1979.0,1294,10800,4,0,1900,2000
1057,739,645,1998.0,2034,9375,7,1057,1997,1998
1253,733,352,1960.0,1253,10920,6,1253,1960,1960
1298,1216,693,1990.0,2514,11170,7,1216,1990,1991
1154,740,480,1966.0,1154,11000,5,1154,1966,1966
728,0,429,2006.0,1456,15578,6,728,2006,2006
1007,0,463,2000.0,1800,8123,6,982,2000,2000
808,0,180,1916.0,1656,10410,5,660,1916,1987
1268,1163,856,1999.0,2365,9430,8,1252,1999,1999
1436,946,484,2004.0,1436,8450,7,1436,2004,2004
1062,539,539,1976.0,1062,11333,6,1029,1976,1976
1096,626,566,1950.0,1466,10800,5,796,1936,1989
1155,899,576,1987.0,1155,11782,5,1109,1961,1995
1536,810,532,2002.0,1536,9135,7,1536,2002,2003
971,523,300,1969.0,971,9920,5,971,1969,1969
1003,819,588,1984.0,1003,7937,6,1003,1984,1984
1504,690,478,1996.0,1504,11883,7,1504,1996,1996
928,220,400,1948.0,1920,11345,5,928,1948,1950
1242,916,528,1973.0,1242,9600,7,1242,1973,1973
1188,275,252,1941.0,2340,9042,7,1152,1941,2006
1661,0,598,1998.0,1661,12137,7,1649,1998,1998
1113,751,504,1987.0,1113,7917,6,1143,1976,1976
774,384,305,1946.0,1230,4712,4,747,1946,1950
1279,641,473,1980.0,1279,10125,6,1196,1977,1977
1572,1016,726,2003.0,2668,13688,9,1572,2003,2004
848,152,539,1962.0,1208,6240,4,780,1925,1950
1310,24,400,2005.0,1310,8767,7,1310,2005,2005
1264,0,666,2006.0,2576,12438,8,1234,2006,2006
936,936,672,1980.0,936,7200,5,936,1980,1980
841,0,216,1920.0,1647,6858,6,806,1915,1950
1220,684,632,2006.0,1220,7406,7,1199,2006,2006
882,138,461,1980.0,882,7700,5,882,1972,1972
630,0,440,1970.0,1302,2016,5,630,1970,1970
1442,0,500,1990.0,1442,11851,7,1424,1990,1990
1561,1153,556,2005.0,1561,7313,9,1561,2005,2005
1204,866,412,1998.0,1204,4500,6,1204,1998,1998
689,141,360,1928.0,1378,9600,7,689,1928,2005
848,697,420,2004.0,848,4426,6,848,2004,2004
1525,1400,541,2000.0,1525,9100,7,1525,2000,2000
1235,600,480,1961.0,1235,8500,5,1235,1961,1961
616,0,432,2007.0,1412,8499,6,616,2006,2007
1120,0,528,1979.0,2240,7018,5,0,1979,1979
1166,728,590,1992.0,2295,13346,7,1095,1992,2000
1668,370,502,2003.0,1668,10635,8,1657,2003,2003
1614,20,865,2005.0,1614,11210,7,1614,2005,2006
866,329,0,1979.0,866,3880,5,686,1945,1997
1494,0,840,2006.0,1494,10652,7,1494,2006,2007
716,425,432,2004.0,1432,7795,7,716,2004,2005
1058,546,736,2003.0,1904,10927,8,1058,2005,2005
1125,631,352,1977.0,1125,7200,6,1041,1976,1976
1072,547,525,2005.0,1072,3675,6,547,2005,2006
1867,379,303,1955.0,1867,10708,5,1617,1955,1993
810,156,400,1934.0,1482,12155,6,672,1925,1950
1158,0,853,2005.0,2376,14215,8,1158,2005,2006
1048,0,420,1950.0,1048,7200,5,0,1950,1950
902,454,492,1965.0,1820,13700,7,864,1965,1988
520,0,480,2005.0,1200,3180,7,600,2005,2005
2018,0,746,2009.0,2018,13214,9,2002,2008,2009
996,290,0,1979.0,996,13907,5,996,1940,1969
848,686,420,2003.0,848,4435,6,848,2003,2003
874,0,578,2007.0,1761,10207,7,874,2007,2007
1057,417,576,1977.0,1057,7420,5,1057,1962,1962
1593,1153,682,2001.0,1593,4923,8,1593,2001,2002
673,641,490,2000.0,1382,2651,7,673,2000,2000
1391,16,530,2004.0,1391,4282,7,1391,2004,2004
1363,650,288,1951.0,1363,14559,5,1008,1951,2000
1459,0,527,2002.0,1459,8749,7,1459,2002,2002
1652,1196,499,2000.0,1652,5330,8,1494,2000,2000
1026,505,576,1981.0,1026,10970,6,940,1978,1978
1320,0,864,1950.0,2640,11700,7,1240,1880,2003
798,0,520,2004.0,1640,8366,6,798,2004,2004
1108,0,280,1930.0,1108,7449,7,637,1930,1950
693,0,0,1979.0,693,4118,4,693,1941,1950
979,185,352,1950.0,1203,7015,5,709,1950,1950
1572,1159,995,1963.0,1572,35133,5,1572,1963,1963
1560,0,573,2003.0,1560,9196,7,1560,2003,2003
979,484,492,1946.0,1958,7136,6,979,1946,1950
894,180,384,1966.0,894,7094,5,894,1966,1966
1269,24,430,2004.0,1269,3182,8,1256,2004,2005
1428,0,554,2008.0,1428,12274,7,1417,2008,2008
1932,1336,774,2008.0,1932,12444,8,1932,2008,2008
1684,28,564,2005.0,1684,8849,9,1684,2005,2005
1690,1416,841,2003.0,3279,53504,8,1650,2003,2003
816,690,288,1958.0,816,8877,4,816,1938,1958
1216,445,487,1966.0,2157,14200,7,924,1966,1966
804,505,523,1998.0,1682,8750,6,804,1998,1998
698,0,0,1979.0,698,9405,5,698,1947,2008
1687,353,572,1966.0,1687,57200,5,747,1948,1950
612,0,528,2009.0,1224,3951,6,612,2009,2009
1728,40,352,2002.0,1728,10624,5,1728,1964,1964
1141,0,484,2005.0,1141,13072,6,1141,2005,2005
1277,778,526,1970.0,1277,10628,7,1277,1970,1970
772,0,264,1979.0,1123,6060,4,732,1939,1950
2524,1104,542,1981.0,2524,9600,8,2524,1981,1981
1314,24,440,2006.0,1314,9317,6,1314,2006,2006
1328,622,576,1981.0,1981,7804,4,1122,1928,1950
864,167,572,1957.0,864,8172,5,864,1955,1990
912,0,216,1925.0,1426,7642,7,912,1918,1998
1555,0,660,2007.0,1555,3684,7,1373,2007,2007
